{"chunk_definitions":[{"row":33,"row_count":1,"visible":true,"expansion_state":0,"options":{"engine":"r","label":"setup","include":false,"dev":"png"},"document_id":"04A30E99","chunk_id":"csetup_chunk","chunk_label":"setup"},{"row":161,"row_count":1,"visible":true,"expansion_state":0,"options":{"engine":"r","label":"clean_scene_names","echo":false,"results":"hide","message":false,"warning":false,"dev":"png"},"document_id":"04A30E99","chunk_id":"cvng7tu2lbglf","chunk_label":"clean_scene_names"},{"row":204,"row_count":1,"visible":true,"expansion_state":0,"options":{"engine":"r","label":"tokenization","echo":false,"results":"hide","message":false,"warning":false,"dev":"png"},"document_id":"04A30E99","chunk_id":"carv4pojmo12k","chunk_label":"tokenization"},{"row":215,"row_count":1,"visible":true,"expansion_state":0,"options":{"engine":"r","label":"stopwords","echo":false,"results":"hide","message":false,"warning":false,"dev":"png"},"document_id":"04A30E99","chunk_id":"ct4brefc6a093","chunk_label":"stopwords"},{"row":304,"row_count":1,"visible":true,"expansion_state":0,"options":{"engine":"r","label":"top_words_plot","echo":false,"message":false,"warning":false,"dev":"png"},"document_id":"04A30E99","chunk_id":"c0djr3wac7f4z","chunk_label":"top_words_plot"},{"row":319,"row_count":1,"visible":true,"expansion_state":0,"options":{"engine":"r","echo":false,"results":"asis","label":"unnamed-chunk-28","dev":"png"},"document_id":"04A30E99","chunk_id":"cskfcjomj7rz9","chunk_label":"unnamed-chunk-2"},{"row":342,"row_count":1,"visible":true,"expansion_state":0,"options":{"engine":"r","label":"negative_words","echo":false,"results":"asis","dev":"png"},"document_id":"04A30E99","chunk_id":"ciuzxyu1l8jaq","chunk_label":"unnamed-chunk-3"},{"row":387,"row_count":1,"visible":true,"expansion_state":0,"options":{"engine":"r","label":"sentiment visualization","dev":"png"},"document_id":"04A30E99","chunk_id":"cqdccu5ln91an","chunk_label":"sentiment visualization"}],"doc_write_time":1744968244,"working_dir":null,"default_chunk_options":{"echo":false,"warning":false,"message":false},"chunk_rendered_width":700}