[{"name":"htmlwidgets","version":"1.6.4","src":{"file":"www"},"meta":null,"script":"htmlwidgets.js","stylesheet":null,"head":null,"attachment":null,"package":"htmlwidgets","all_files":true},{"name":"wordcloud2","version":"0.0.1","src":{"file":"htmlwidgets\/lib\/wordcloud2-0.0.1"},"meta":null,"script":["wordcloud2-all.js","hover.js"],"stylesheet":"wordcloud.css","head":null,"attachment":null,"package":"wordcloud2","all_files":true},{"name":"wordcloud2-binding","version":"0.2.1","src":{"file":"htmlwidgets"},"meta":null,"script":"wordcloud2.js","stylesheet":null,"head":null,"attachment":null,"package":"wordcloud2","all_files":false}]
