{"chunk_definitions":[{"row":23,"row_count":1,"visible":true,"expansion_state":0,"options":{"engine":"r","label":"setup","include":false,"dev":"png"},"document_id":"A42C9660","chunk_id":"csetup_chunk","chunk_label":"setup"},{"row":32,"row_count":1,"visible":true,"expansion_state":0,"options":{"engine":"r","label":"load table","dev":"png"},"document_id":"A42C9660","chunk_id":"cwpmpllqjcc25","chunk_label":"load table"},{"row":73,"row_count":1,"visible":true,"expansion_state":0,"options":{"engine":"r","label":"unnamed-chunk-10","dev":"png"},"document_id":"A42C9660","chunk_id":"cn8le7j6woz93","chunk_label":"unnamed-chunk-2"}],"doc_write_time":1742199841}