[{"name":"htmltools-fill","version":"0.5.8.1","src":{"file":"C:\/Users\/Ayomide\/AppData\/Local\/R\/win-library\/4.4\/htmltools\/fill"},"meta":null,"script":null,"stylesheet":"fill.css","head":null,"attachment":null,"all_files":true},{"name":"htmlwidgets","version":"1.6.4","src":{"file":"C:\/Users\/Ayomide\/AppData\/Local\/R\/win-library\/4.4\/htmlwidgets\/www"},"meta":null,"script":"htmlwidgets.js","stylesheet":null,"head":null,"attachment":null,"all_files":true},{"name":"wordcloud2","version":"0.0.1","src":{"file":"C:\/Users\/Ayomide\/AppData\/Local\/R\/win-library\/4.4\/wordcloud2\/htmlwidgets\/lib\/wordcloud2-0.0.1"},"meta":null,"script":["wordcloud2-all.js","hover.js"],"stylesheet":"wordcloud.css","head":null,"attachment":null,"all_files":true},{"name":"wordcloud2-binding","version":"0.2.1","src":{"file":"C:\/Users\/Ayomide\/AppData\/Local\/R\/win-library\/4.4\/wordcloud2\/htmlwidgets"},"meta":null,"script":"wordcloud2.js","stylesheet":null,"head":null,"attachment":null,"all_files":false}]
