"0",""
"0","# Get top 20 words"
"0","top_words <- dialogues_words %>% "
"0","  group_by(word) %>% "
"0","  summarise(frequency = sum(n), .groups='drop') %>% "
"0","  arrange(desc(frequency)) %>% "
"0","  top_n(20, frequency)"
"0"," "
"0","# Bar chart for top 20 words"
"0","ggplot(top_words, aes(x = reorder(word, frequency), y = frequency, fill = frequency)) +"
"0","  geom_col() +"
"0","  coord_flip() +"
"0","  labs(title = ""Top 20 Most Frequent Words"", x = ""Word"", y = ""Count"") +"
"0","  scale_fill_gradient(low = ""lightblue"", high = ""darkblue"") +"
"0","  theme_minimal()"
