"0","# Get top 15 happiest scenes"
"0","top_happy_scenes <- happiness_scores %>% "
"0","  top_n(15, HappinessScore)"
"0"," "
"0","# Bar chart of top 15 happiest scenes"
"0","ggplot(top_happy_scenes, aes(x = reorder(Scene, HappinessScore), y = HappinessScore, fill = HappinessScore)) +"
"0","  geom_col() +"
"0","  coord_flip() +"
"0","  labs(title = ""Top 15 Happiest Scenes in Friends"", x = ""Scene"", y = ""Happiness Score"") +"
"0","  scale_fill_gradient(low = ""yellow"", high = ""darkgreen"") +"
"0","  theme_minimal()"
