"0","# Sort dialogues by scene"
"0","table <- as.data.frame(table)"
"0",""
"0","table <- table %>% arrange(Scene)"
"0","View(table)"
"0",""
"0","# Extract First Part of Scene Name"
"0","table <- table %>% "
"0","  mutate(Scene = str_split_fixed(Scene, "","", 2)[,1])"
"0",""
"0","View(table)"
"0",""
"0","table <- table %>% "
"0","  mutate(Scene = case_when("
"0","    Scene == ""Chandler"" ~ NA_character_,"
"0","    Scene == ""Chandler and Joey and Ross"" ~ NA_character_,"
"0","    Scene %in% c(""The Craps Table"", ""The Craps table"") ~ ""The Craps Table"","
"0","    Scene %in% c(""The Ride Along"", ""The Ride Along."") ~ ""The Ride Along"","
"0","    Scene %in% c(""Airplane Cabin"", ""That Same Plane Cabin"", ""An Aircraft Cabin"") ~ ""Airplane Cabin"","
"0","    Scene == ""The Class, Monica has taken ..."" ~ ""The Class"","
"0","    Scene %in% c(""The Hospital"", ""the Hospital"", ""Another Hospital Room"") ~ ""The Hospital"","
"0","    Scene %in% c(""Ross's Building Lobby"", ""The Lobby of Ross's Building"", ""Ross's building's lobby"", ""The lobby of Ross's building"") ~ ""Ross's Building Lobby"","
"0","    TRUE ~ Scene"
"0","  )) %>%"
"0","  drop_na(Scene)"
"0",""
"0","View(table)"
"0",""
