{"chunk_definitions":[{"row":32,"row_count":1,"visible":true,"expansion_state":0,"options":{"engine":"r","label":"setup","include":false,"dev":"png"},"document_id":"4B254246","chunk_id":"csetup_chunk","chunk_label":"setup"},{"row":39,"row_count":1,"visible":true,"expansion_state":0,"options":{"engine":"r","label":"load table","dev":"png"},"document_id":"4B254246","chunk_id":"c9luf0r1uf5y1","chunk_label":"load table"},{"row":87,"row_count":1,"visible":true,"expansion_state":0,"options":{"engine":"r","label":"unnamed-chunk-29","dev":"png"},"document_id":"4B254246","chunk_id":"c5shv4s5x3xhp","chunk_label":"unnamed-chunk-1"},{"row":114,"row_count":1,"visible":true,"expansion_state":0,"options":{"engine":"r","label":"group by scene","dev":"png"},"document_id":"4B254246","chunk_id":"clgzavb14pkqs","chunk_label":"group by scene"},{"row":129,"row_count":1,"visible":true,"expansion_state":0,"options":{"engine":"r","label":"tokenization","dev":"png"},"document_id":"4B254246","chunk_id":"ctdanxiw18ey9","chunk_label":"tokenization"},{"row":140,"row_count":1,"visible":true,"expansion_state":0,"options":{"engine":"r","label":"stopwords","dev":"png"},"document_id":"4B254246","chunk_id":"c9zslujsdcdil","chunk_label":"stopwords"},{"row":160,"row_count":1,"visible":true,"expansion_state":0,"options":{"engine":"r","label":"stemming","dev":"png"},"document_id":"4B254246","chunk_id":"clzt8ujl906s8","chunk_label":"stemming"},{"row":226,"row_count":1,"visible":true,"expansion_state":0,"options":{"engine":"r","label":"unnamed-chunk-15","dev":"png"},"document_id":"4B254246","chunk_id":"c6f0xq6rzsecv","chunk_label":"unnamed-chunk-2"},{"row":243,"row_count":1,"visible":true,"expansion_state":0,"options":{"engine":"r","echo":false,"label":"unnamed-chunk-28","dev":"png"},"document_id":"4B254246","chunk_id":"czwspvsw7pk7z","chunk_label":"unnamed-chunk-3"},{"row":256,"row_count":1,"visible":true,"expansion_state":0,"options":{"engine":"r","label":"unnamed-chunk-27","dev":"png"},"document_id":"4B254246","chunk_id":"czckazw0bhuod","chunk_label":"unnamed-chunk-4"}],"doc_write_time":1742300722,"working_dir":null,"default_chunk_options":{"echo":false,"warning":false,"message":false},"chunk_rendered_width":700}