"0","# Convert word column to character before stemming"
"0","dialogues_words <- dialogues_words %>% mutate(word = as.character(word))"
"0"," "
"0","# Apply word stemming correctly"
"0","dialogues_words <- dialogues_words %>% "
"0","  mutate(stem = wordStem(word, language = ""en""))"
"0"," "
"0","# Group by scene and stem, then count occurrences"
"0","dialogues_stemmed <- dialogues_words %>% "
"0","  group_by(Scene, stem) %>% "
"0","  summarise(occurrences = sum(n), .groups='drop') %>% "
"0","  arrange(Scene, desc(occurrences))"
"0"," "
"0","View(dialogues_stemmed)"
"0"," "
